Date,OP Count,OP Amount,OP Lab Amount,OP Radiology Amount,IP Count,IP Amount,IP Lab Amount,IP Radiology Amount,Direct Count,Direct Amount,Direct Lab Amount,Direct Radiology Amount,Total Amount,Expenses,Grand Total,Due Total,Credit Due,Insurance Due
01-04-2025,13,4300,4623,34100,1,5000,1070,0,5,0,900,7600,57593,0,57593,0,0,0
02-04-2025,18,6000,14420,0,0,2300,6800,0,3,0,0,39300,68820,0,68820,0,0,0
03-04-2025,14,5500,7415,10600,2,6000,1200,0,6,0,700,50400,81815,0,81815,0,0,0
04-04-2025,17,6500,11001,0,2,10000,5005,1000,6,0,1400,8100,43006,0,43006,0,0,0
05-04-2025,18,5500,8661,9400,1,26200,2220,0,0,0,0,0,51981,0,51981,0,0,0
06-04-2025,0,0,0,0,0,0,0,0,0,0,0,0,0,0,0,0,0,0
07-04-2025,11,3500,13370,7600,1,21250,3400,0,6,0,0,20700,69820,0,69820,0,0,0
08-04-2025,4,1500,1485,18500,1,5000,800,3300,0,0,0,0,30585,0,30585,0,0,0
09-04-2025,7,1500,5720,16600,0,-1350,870,0,2,0,0,14600,37940,0,37940,0,0,0
10-04-2025,11,4000,6790,3800,0,5950,1970,0,2,0,0,6600,29110,0,29110,0,0,0
11-04-2025,10,3500,7485,20700,0,0,0,0,2,0,0,3800,35485,0,35485,0,0,0
12-04-2025,16,4500,7720,7100,0,0,0,0,0,0,0,0,19320,0,19320,0,0,0
13-04-2025,0,0,0,0,0,3000,0,0,0,0,0,0,3000,0,3000,0,0,0
14-04-2025,20,6000,22600,11400,1,5000,0,0,0,0,0,0,45000,0,45000,0,0,0
15-04-2025,18,8000,17000,6600,0,0,0,0,2,0,200,3300,35100,0,35100,0,0,0
16-04-2025,15,4000,10640,15100,3,8000,18330,9800,2,0,0,10800,76670,0,76670,0,0,0
17-04-2025,11,4000,9995,43800,2,4450,700,0,0,0,0,0,62945,0,62945,0,0,0
18-04-2025,18,6500,16615,3300,2,5000,250,0,5,0,0,10900,42565,0,42565,0,0,0
19-04-2025,21,8500,21644,10400,1,38950,10700,0,1,0,0,12500,102694,0,102694,0,0,0
20-04-2025,0,0,0,0,0,11000,0,0,0,0,0,0,11000,0,11000,0,0,0
21-04-2025,24,10500,42685,41100,0,7500,2470,0,5,0,700,14400,119355,0,119355,0,0,0
22-04-2025,10,1500,6159,18800,0,0,0,0,3,0,0,9900,36359,0,36359,0,0,0
23-04-2025,15,3500,13905,35900,3,13000,5400,0,2,0,0,38300,110005,0,110005,0,0,0
24-04-2025,19,5000,11285,0,2,5000,12520,0,7,0,700,112200,146705,0,146705,0,0,0
25-04-2025,11,4000,6195,21400,1,5950,3490,0,2,0,700,3300,45035,0,45035,0,0,0
26-04-2025,10,3500,1100,7100,1,16300,6520,0,1,0,7550,0,42070,0,42070,0,0,0
27-04-2025,0,0,0,0,0,0,0,0,0,0,0,0,0,0,0,0,0,0
28-04-2025,26,7850,8855,63900,0,0,9560,0,6,0,700,14200,105065,0,105065,0,0,0
29-04-2025,11,5000,16925,3800,0,0,2420,0,5,0,0,64100,92245,0,92245,0,0,0
30-04-2025,12,3500,8905,10100,1,81000,2170,0,7,0,1280,10900,117855,0,117855,0,0,0
01-05-2025,16,6850,14955,28900,2,5000,0,0,1,0,5500,0,61205,0,61205,0,0,0
02-05-2025,13,5000,28495,7100,1,5000,2600,9800,0,0,0,0,57995,0,57995,0,0,0
03-05-2025,21,6000,10076,3800,1,1900,3490,0,1,0,0,0,25266,0,25266,0,0,0
04-05-2025,0,0,0,0,0,17850,0,0,0,0,0,0,17850,0,17850,0,0,0
05-05-2025,17,6000,7125,16800,0,0,0,0,2,0,0,3800,33725,0,33725,0,0,0
06-05-2025,25,10500,14898,24800,2,20000,4590,0,6,0,1900,10400,87088,0,87088,0,0,0
07-05-2025,11,4000,4480,25600,1,5000,0,0,1,0,0,3300,42380,0,42380,0,0,0
08-05-2025,19,5500,16085,15400,4,9400,4570,0,0,0,0,0,50955,0,50955,0,0,0
09-05-2025,23,8500,14676,63800,0,4750,3190,0,3,0,700,6600,102216,0,102216,0,0,0
10-05-2025,14,4500,5828,11400,2,11000,4745,0,4,0,200,7100,44773,0,44773,0,0,0
11-05-2025,0,0,0,0,1,10000,0,0,0,0,0,0,10000,0,10000,0,0,0
12-05-2025,16,7000,20710,11900,1,16000,0,0,2,0,0,3800,59410,0,59410,0,0,0
13-05-2025,11,3000,6123,3800,0,13500,3615,0,2,0,1350,3300,34688,0,34688,0,0,0
14-05-2025,18,7000,20585,22500,0,0,2620,13000,1,0,0,3300,69005,0,69005,0,0,0
15-05-2025,12,4500,12580,7100,2,43000,2070,0,5,0,0,14200,83450,0,83450,0,0,0
16-05-2025,20,4000,11143,51500,0,4450,0,0,2,0,0,3800,74893,0,74893,0,0,0
17-05-2025,14,3500,5190,7300,1,0,3000,0,3,0,0,20600,39590,0,39590,0,0,0
18-05-2025,0,0,0,0,0,0,0,0,0,0,0,0,0,0,0,0,0,0
19-05-2025,12,5500,14845,27200,1,35000,1600,0,5,0,700,42100,126945,0,126945,0,0,0
20-05-2025,12,4000,1565,0,4,14000,3245,0,1,0,0,3300,26110,0,26110,0,0,0
21-05-2025,3,1000,893,0,1,19000,6040,0,0,0,0,0,26933,0,26933,0,0,0
22-05-2025,20,8500,15327,16500,0,9450,4760,3800,2,0,0,3800,62137,0,62137,0,0,0
23-05-2025,18,4000,6081,3800,1,10000,4740,0,1,0,0,8800,37421,0,37421,0,0,0
24-05-2025,14,6000,7752,7800,2,21000,4180,0,2,0,1350,3300,51382,0,51382,0,0,0
25-05-2025,4,2000,2370,0,0,3000,0,0,0,0,0,0,7370,0,7370,0,0,0
26-05-2025,15,7000,10533,18000,0,0,400,0,4,0,700,13600,50233,0,50233,0,0,0
27-05-2025,13,5000,15259,35400,0,50600,0,9800,4,0,0,14900,130959,0,130959,0,0,0
28-05-2025,12,4500,14309,13600,0,0,0,0,1,0,0,3300,35709,0,35709,0,0,0
29-05-2025,17,6500,16155,16400,3,15000,7250,0,6,0,700,11400,73405,0,73405,0,0,0
30-05-2025,16,4500,16247,18400,3,9650,6390,4300,3,0,700,10600,70787,0,70787,0,0,0
31-05-2025,15,4000,5390,11600,3,13950,5645,25000,0,0,0,0,65585,0,65585,0,0,0
01-06-2025,4,2000,2150,0,0,3300,0,0,0,0,0,0,7450,0,7450,0,0,0
02-06-2025,19,8500,6206,26600,0,6000,8485,0,5,0,1400,49300,106491,0,106491,0,0,0
03-06-2025,12,4850,3632,0,1,40000,0,0,3,0,0,7600,56082,0,56082,0,0,0
04-06-2025,17,6000,8853,10400,0,23750,1970,3300,1,0,0,3300,57573,0,57573,0,0,0
05-06-2025,12,4000,7959,8600,1,4000,0,0,0,0,0,0,24559,0,24559,0,0,0
06-06-2025,9,500,5711,3300,1,3000,0,0,0,0,0,0,12511,0,12511,0,0,0
07-06-2025,5,1500,5250,0,0,5000,7180,0,0,0,0,0,18930,0,18930,0,0,0
08-06-2025,0,0,0,0,0,0,0,0,0,0,0,0,0,0,0,0,0,0
09-06-2025,17,7500,14102,16900,0,0,1150,0,2,0,200,3300,43152,0,43152,0,0,0
10-06-2025,14,4500,15875,11900,1,0,2720,0,1,0,0,3300,38295,0,38295,0,0,0
11-06-2025,9,4500,11245,10400,1,20000,0,0,0,0,0,0,46145,0,46145,0,0,0
12-06-2025,10,3500,475,18500,0,20000,3320,0,0,0,0,0,45795,0,45795,0,0,0
13-06-2025,13,5000,11355,3800,1,5000,6300,0,2,0,0,14900,46355,0,46355,0,0,0
14-06-2025,18,7000,23960,34900,0,0,1270,0,3,0,700,4800,72630,0,72630,0,0,0
15-06-2025,1,500,3340,0,0,10600,3320,0,0,0,0,0,17760,0,17760,0,0,0
16-06-2025,17,5500,19158,13500,0,0,1370,0,5,0,900,9900,50328,0,50328,0,0,0
17-06-2025,18,8000,10294,19700,0,0,870,0,2,0,1350,3300,43514,0,43514,0,0,0
18-06-2025,15,5000,20585,10900,1,0,870,0,0,0,0,0,37355,0,37355,0,0,0
19-06-2025,16,4000,12310,7100,1,5500,4015,0,0,0,0,0,32925,0,32925,0,0,0
20-06-2025,14,5500,9281,13600,1,3000,3220,0,1,0,0,3300,37901,0,37901,0,0,0
21-06-2025,13,5000,14883,9600,2,27000,2450,0,4,0,200,41600,100733,0,100733,0,0,0
22-06-2025,5,1000,3450,0,0,1000,2700,0,1,0,0,10000,18150,0,18150,0,0,0
23-06-2025,26,10500,14095,47400,1,1500,1270,9800,0,0,0,0,84565,0,84565,0,0,0
24-06-2025,17,7500,12030,10900,0,7450,50,0,2,0,200,3300,41430,0,41430,0,0,0
25-06-2025,18,5500,12659,7600,1,3000,0,0,1,0,0,3300,32059,0,32059,0,0,0
26-06-2025,19,8000,20434,45500,2,5000,450,0,1,0,0,36500,115884,0,115884,0,0,0
27-06-2025,22,9500,14380,28200,0,3650,4500,0,5,0,0,17900,78130,0,78130,0,0,0
28-06-2025,28,6000,13203,16500,0,1500,0,0,8,0,1400,29400,68003,0,68003,0,0,0
29-06-2025,0,0,0,0,0,0,0,0,0,0,0,0,0,0,0,0,0,0
30-06-2025,19,7000,13900,23500,1,0,3795,0,1,0,540,0,48735,0,48735,0,0,0
01-07-2025,19,4500,16038,36600,1,5000,1270,0,4,0,2050,13100,78558,0,78558,0,0,0
02-07-2025,20,9000,22096,31800,0,0,400,0,2,0,0,6600,69896,0,69896,0,0,0
03-07-2025,19,7000,10970,14200,1,127100,9530,2000,0,0,0,0,170800,0,170800,0,0,0
04-07-2025,12,5000,7590,33800,1,5000,900,0,3,0,0,6600,58890,0,58890,0,0,0
05-07-2025,22,8500,29260,23000,0,-1350,4840,0,2,0,160,3300,67710,0,67710,0,0,0
06-07-2025,2,1000,2625,0,1,3000,0,0,0,0,0,0,6625,0,6625,0,0,0
07-07-2025,18,4500,20336,45000,2,3000,8465,0,3,0,400,3500,85201,0,85201,0,0,0
08-07-2025,18,7000,17715,21400,2,38900,1100,0,2,0,0,6600,92715,0,92715,0,0,0
09-07-2025,24,9000,20585,55200,0,10000,8310,0,4,0,0,10400,113495,0,113495,0,0,0
10-07-2025,17,6000,7825,8600,1,17850,6290,0,0,0,0,0,46565,0,46565,0,0,0
11-07-2025,24,8500,16540,11400,0,43500,2670,0,4,0,1000,3300,86910,0,86910,0,0,0
12-07-2025,29,12500,28989,12900,2,18000,1900,0,1,0,1400,0,75689,0,75689,0,0,0
13-07-2025,5,1500,7320,10400,1,3000,6415,0,2,0,0,3800,32435,0,32435,0,0,0
14-07-2025,20,6500,20725,23300,1,7300,6345,0,3,0,1200,4300,69670,0,69670,0,0,0
15-07-2025,15,6000,15195,26000,0,0,4950,0,0,0,0,0,52145,0,52145,0,0,0
16-07-2025,23,8000,11084,28800,2,5500,0,0,0,0,0,0,53384,0,53384,0,0,0
17-07-2025,12,4500,8590,7100,0,63800,6540,0,5,0,700,16400,107630,0,107630,0,0,0
18-07-2025,18,7500,15739,36700,0,0,4000,0,1,0,0,6800,70739,0,70739,0,0,0
19-07-2025,18,7000,12920,13100,0,15000,0,0,4,0,0,7600,55620,0,55620,0,0,0
20-07-2025,6,2500,7450,0,3,32800,4950,0,0,0,0,0,47700,0,47700,0,0,0
21-07-2025,17,7000,23320,19000,1,12050,3720,0,5,0,200,11600,76890,0,76890,0,0,0
22-07-2025,16,3500,3125,30000,1,0,3840,0,0,0,0,0,40465,0,40465,0,0,0
23-07-2025,14,5500,19044,0,1,70150,4070,0,6,0,1400,10100,110264,0,110264,0,0,0
24-07-2025,15,5350,11440,9800,1,11400,5560,0,0,0,0,0,43550,0,43550,0,0,0
25-07-2025,13,3000,12795,43900,1,5000,1970,0,0,0,0,0,66665,0,66665,0,0,0
26-07-2025,28,11000,21315,21000,1,12150,1770,0,5,0,1100,15100,83435,0,83435,0,0,0
27-07-2025,8,3500,7140,7100,0,34350,0,0,0,0,0,0,52090,0,52090,0,0,0
28-07-2025,25,9500,22307,24600,3,8000,2950,0,4,0,0,11400,78757,0,78757,0,0,0
29-07-2025,13,5500,11670,2800,0,0,3600,0,3,0,0,7100,30670,0,30670,0,0,0
30-07-2025,14,5500,14795,50300,2,11200,5100,0,6,0,1400,7600,95895,0,95895,0,0,0
31-07-2025,10,4000,9285,10100,2,20000,2190,0,1,0,0,9800,55375,0,55375,0,0,0
01-08-2025,15,5500,17971,7600,1,29800,4170,0,4,0,700,7100,72841,0,72841,0,0,0
02-08-2025,19,6500,12370,10900,0,0,2400,0,0,0,0,0,32170,0,32170,0,0,0
03-08-2025,5,2000,1485,0,0,5200,0,0,0,0,0,0,8685,0,8685,0,0,0
04-08-2025,27,10000,29649,41500,1,3000,0,0,0,0,0,0,84149,0,84149,0,0,0
05-08-2025,15,6500,12248,11600,1,35000,1050,0,0,0,0,0,66398,0,66398,0,0,0
06-08-2025,18,7500,9490,16900,0,-1650,1270,0,5,0,5700,14100,53310,0,53310,0,0,0
07-08-2025,11,4500,9230,14400,0,0,0,0,1,0,5500,0,33630,0,33630,0,0,0
08-08-2025,5,2500,5995,13100,0,0,0,0,2,0,0,13100,34695,0,34695,0,0,0
09-08-2025,18,7000,15573,23300,0,0,0,0,2,0,500,3300,49673,0,49673,0,0,0
10-08-2025,2,1000,0,0,0,0,0,0,0,0,0,0,1000,0,1000,0,0,0
11-08-2025,21,7000,23324,24400,2,10000,3755,0,7,0,0,24500,92979,0,92979,0,0,0
12-08-2025,13,5000,11750,33600,2,28000,8315,0,2,0,0,9800,96465,0,96465,0,0,0
13-08-2025,17,7500,6665,10400,0,28000,670,0,2,0,800,40000,94035,0,94035,0,0,0
14-08-2025,14,5500,4210,3300,0,18000,7860,0,1,0,0,3300,42170,0,42170,0,0,0
15-08-2025,11,4000,12928,7600,1,13000,2890,0,0,0,0,0,40418,0,40418,0,0,0
16-08-2025,17,7000,15768,21000,0,7000,2500,0,3,0,0,10600,63868,0,63868,0,0,0
17-08-2025,0,0,0,0,0,2000,0,0,0,0,0,0,2000,0,2000,0,0,0
18-08-2025,22,8000,7185,13200,2,10000,4990,0,1,0,0,3300,46675,0,46675,0,0,0
19-08-2025,17,5000,13601,3300,4,17000,2870,0,2,0,0,5600,47371,0,47371,0,0,0
20-08-2025,14,6000,17120,7600,0,1900,5630,0,0,0,0,0,38250,0,38250,0,0,0
21-08-2025,17,6000,27410,13600,0,60500,3790,0,5,0,1400,9600,122300,0,122300,0,0,0
22-08-2025,12,5000,20240,3800,2,29000,1600,0,5,0,0,21400,81040,0,81040,0,0,0
23-08-2025,30,10500,35496,27800,1,10000,0,0,4,0,3400,3300,90496,0,90496,0,0,0
24-08-2025,0,0,0,0,0,0,670,0,0,0,0,0,670,0,670,0,0,0
25-08-2025,24,11000,10350,20200,1,5000,6540,0,6,0,0,23500,76590,0,76590,0,0,0
26-08-2025,26,9500,17275,13100,1,19000,2940,0,9,0,1600,24000,87415,0,87415,0,0,0
27-08-2025,4,500,4066,0,1,5000,2270,0,0,0,0,0,11836,0,11836,0,0,0
28-08-2025,19,9000,12760,20700,1,14800,500,0,3,0,1000,3300,62060,0,62060,0,0,0
29-08-2025,15,4500,8596,14600,1,1900,1300,0,1,0,3300,0,34196,0,34196,0,0,0
30-08-2025,28,8000,15483,20500,3,6000,4250,0,4,0,700,7600,62533,0,62533,0,0,0
31-08-2025,2,500,0,0,1,7100,5340,0,0,0,0,0,12940,0,12940,0,0,0
01-09-2025,22,8850,19230,21000,1,72000,2170,0,2,0,26400,0,149650,0,149650,0,0,0
02-09-2025,20,6500,23870,23300,0,0,3420,0,3,0,200,4800,62090,0,62090,0,0,0
03-09-2025,30,10500,16300,94500,1,3000,670,0,0,0,0,0,124970,0,124970,0,0,0
04-09-2025,17,6500,6990,17400,3,49500,10430,0,3,0,0,19800,110620,0,110620,0,0,0
05-09-2025,16,7000,13420,7100,2,3000,1000,0,0,0,0,0,31520,0,31520,0,0,0
06-09-2025,17,7000,22960,43600,3,17930,7010,3800,0,0,0,0,102300,0,102300,0,0,0
07-09-2025,5,1000,2932,0,0,3000,2270,0,0,0,0,0,9202,0,9202,0,0,0
08-09-2025,19,6000,4550,30100,2,18980,9060,0,3,0,200,6600,75490,0,75490,0,0,0
09-09-2025,19,6850,28910,16000,2,17500,1650,1500,1,0,0,3300,75710,0,75710,0,0,0
10-09-2025,15,5500,21165,24000,1,24500,5640,0,2,0,200,3300,84305,0,84305,0,0,0
11-09-2025,19,7000,16870,26000,4,46500,1700,0,0,0,0,0,98070,0,98070,0,0,0
12-09-2025,21,7500,11860,24500,0,15000,4850,12100,2,0,0,6600,82410,0,82410,0,0,0
13-09-2025,27,8000,15690,28300,3,49000,7630,2800,8,0,900,30800,143120,0,143120,0,0,0
14-09-2025,1,500,0,0,1,23090,4560,0,0,0,0,0,28150,0,28150,0,0,0
15-09-2025,24,9500,25610,24500,1,13000,8160,3800,1,0,0,9800,94370,0,94370,0,0,0
16-09-2025,20,8000,26240,14200,2,26000,5580,0,3,0,100,6600,86720,0,86720,0,0,0
17-09-2025,21,7350,23675,27300,2,29000,5310,1500,2,0,200,3300,97635,0,97635,0,0,0
18-09-2025,25,9000,22169,2300,5,20000,11490,1500,1,0,0,3300,69759,0,69759,0,0,0
19-09-2025,19,9000,6970,25200,3,18800,5750,0,9,0,700,16200,82620,0,82620,0,0,0
20-09-2025,16,4500,5000,22500,2,57500,11960,0,0,0,0,0,101460,0,101460,0,0,0
21-09-2025,3,1000,700,0,1,5000,1150,0,0,0,0,0,7850,0,7850,0,0,0
22-09-2025,19,6500,28410,6600,2,41600,17930,0,1,0,0,3300,104340,0,104340,0,0,0
23-09-2025,22,7000,24855,34640,1,35300,5140,0,4,0,1000,16300,124235,0,124235,0,0,0
24-09-2025,15,5500,15120,6600,1,38500,3870,2000,6,0,1100,10900,83590,0,83590,0,0,0
25-09-2025,11,4000,9262,20700,1,5000,10640,0,0,0,0,0,49602,0,49602,0,0,0
26-09-2025,14,5000,11934,9900,1,18000,6460,0,1,0,0,3300,54594,0,54594,0,0,0
27-09-2025,21,8000,30830,29300,1,19400,7820,0,1,0,1450,0,96800,0,96800,0,0,0
28-09-2025,5,2000,0,0,2,10280,6290,0,0,0,0,0,18570,0,18570,0,0,0
29-09-2025,29,10500,20015,16300,10,50080,17530,4500,2,0,0,5000,123925,0,123925,0,0,0
30-09-2025,16,6500,11320,6600,1,28100,4010,2500,2,0,200,3300,62530,0,62530,0,0,0
01-10-2025,12,5000,10450,3800,0,111680,24080,0,3,0,1500,8300,164810,0,164810,0,0,0
02-10-2025,4,1500,4526,3300,1,15500,0,0,0,0,0,5000,29826,0,29826,0,0,0
03-10-2025,9,5500,15430,3800,2,43700,12590,0,5,0,0,57100,138120,0,138120,0,0,0
04-10-2025,15,6500,16550,23300,1,11000,6630,0,6,0,4370,10400,78750,0,78750,0,0,0
05-10-2025,4,1000,0,0,0,0,0,0,0,0,0,0,1000,0,1000,0,0,0
06-10-2025,26,11500,21350,14700,0,3000,2520,0,0,0,0,0,53070,0,53070,0,0,0
07-10-2025,12,4500,7800,8800,1,160935,1820,0,2,0,0,12600,196455,0,196455,0,0,0
08-10-2025,13,5500,14650,3800,1,2000,3670,2500,0,0,0,0,32120,0,32120,0,0,0
09-10-2025,18,5500,16515,27100,0,0,6000,0,4,0,1200,6600,62915,0,62915,0,0,0
10-10-2025,14,5000,11900,3800,1,5000,1800,0,8,0,3200,13700,44400,0,44400,0,0,0
11-10-2025,26,10850,25505,54900,3,15000,1100,0,5,0,0,10900,118255,0,118255,0,0,0
12-10-2025,2,1000,0,0,2,10000,8350,0,0,0,0,0,19350,0,19350,0,0,0
13-10-2025,21,7000,19130,3300,4,39500,11150,0,4,0,1400,7100,88580,0,88580,0,0,0
14-10-2025,16,6850,12300,20200,2,45500,2000,0,2,0,0,3300,90150,0,90150,0,0,0
15-10-2025,15,6500,12250,27100,1,61300,8000,0,0,0,0,0,115150,0,115150,0,0,0
16-10-2025,16,6500,30800,29400,3,35000,8350,0,8,0,3400,20100,133550,0,133550,0,0,0
17-10-2025,10,3500,5865,6600,1,13000,8000,0,6,0,2750,10400,50115,0,50115,0,0,0
18-10-2025,17,6500,18750,18400,3,22500,7900,0,7,0,900,10900,85850,0,85850,0,0,0
19-10-2025,8,4000,-1000,0,0,0,3950,0,3,0,2250,3800,13000,0,13000,0,0,0
20-10-2025,10,4500,11710,0,1,22500,400,0,1,0,200,0,39310,0,39310,0,0,0
21-10-2025,15,5000,11050,11400,1,47000,4800,0,3,0,7500,20800,107550,0,107550,0,0,0
22-10-2025,14,4850,11600,16900,3,10000,5050,0,1,0,0,11800,60200,0,60200,0,0,0
23-10-2025,10,4000,6350,7600,4,56200,3050,2500,2,0,0,5000,84700,0,84700,0,0,0
24-10-2025,18,7500,16750,22500,1,8000,12000,0,1,0,700,11300,78750,0,78750,0,0,0
25-10-2025,14,6000,31900,26832,0,9000,2000,0,8,0,6100,6600,88432,0,88432,0,0,0
26-10-2025,0,0,0,0,0,14300,2250,0,0,0,0,0,16550,0,16550,0,0,0
27-10-2025,16,6000,21850,7100,0,42760,10310,2500,4,0,2000,22900,115420,0,115420,0,0,0
28-10-2025,11,4000,11725,33300,1,40000,1800,0,6,0,0,-13800,77025,0,77025,0,0,0
29-10-2025,3,1000,3950,0,0,0,0,0,0,0,0,0,4950,0,4950,0,0,0
30-10-2025,15,5500,21450,9800,1,4000,1150,0,0,0,0,0,41900,0,41900,0,0,0
31-10-2025,20,8000,14200,6600,3,5000,2000,0,0,0,0,0,35800,0,35800,0,0,0
01-11-2025,24,8850,22035,20500,2,5000,4100,0,8,0,2700,37900,101085,0,101085,0,0,0
02-11-2025,2,500,0,0,0,0,2500,0,0,0,0,0,3000,0,3000,0,0,0
03-11-2025,24,10000,31603,55505,3,84950,16600,0,1,0,0,3300,201958,0,201958,0,0,0
04-11-2025,27,11500,31300,31500,2,23500,9000,0,5,0,200,10400,117400,0,117400,0,0,0
05-11-2025,7,3500,19900,8600,2,42600,4200,2500,6,0,700,12900,94900,0,94900,0,0,0
06-11-2025,23,8000,14200,17900,6,75000,11400,2500,4,0,0,13100,142100,0,142100,0,0,0
07-11-2025,16,6850,27050,12400,5,98100,26060,1000,0,0,0,0,171460,0,171460,0,0,0
08-11-2025,20,8500,17550,15240,5,39000,20900,46000,3,0,0,9900,157090,0,157090,0,0,0
09-11-2025,2,1000,0,0,0,13800,10900,1000,1,0,0,3300,30000,0,30000,0,0,0
10-11-2025,18,6500,27180,12900,3,182600,10550,1000,3,0,1300,3300,245330,0,245330,0,0,0
11-11-2025,18,6000,14550,20200,2,82300,4400,3500,2,0,0,70000,200950,0,200950,0,0,0
12-11-2025,26,10500,28575,20800,1,92200,17850,1500,0,0,0,0,171425,0,171425,0,0,0
13-11-2025,19,7500,27300,14700,2,10000,4200,0,5,0,700,10400,74800,0,74800,0,0,0
14-11-2025,17,5500,22700,19000,1,25700,8900,9600,5,0,0,12100,103500,0,103500,0,0,0
15-11-2025,0,0,0,0,2,71500,8700,0,0,0,0,0,80200,0,80200,0,0,0
16-11-2025,0,0,0,0,2,3500,2150,0,0,0,0,0,5650,0,5650,0,0,0
17-11-2025,17,6000,11040,15400,0,107200,7500,1000,1,0,0,3300,151440,0,151440,0,0,0
18-11-2025,18,7000,19755,2800,1,58500,8200,0,2,0,0,6600,102855,0,102855,0,0,0
19-11-2025,13,5500,5750,8500,1,13250,6150,0,0,0,0,0,39150,0,39150,0,0,0
20-11-2025,12,5350,10550,21200,1,4000,0,0,1,0,0,2300,43400,0,43400,0,0,0
21-11-2025,20,6500,31813,21550,3,27000,5800,0,2,0,0,3800,96463,0,96463,0,0,0
22-11-2025,26,9000,20225,19540,1,4500,7880,2500,1,0,400,0,64045,0,64045,0,0,0
23-11-2025,6,2000,1550,2300,1,66100,8350,0,0,0,0,0,80300,0,80300,0,0,0
24-11-2025,25,8000,24605,33900,3,30000,12250,0,1,0,0,3300,112055,0,112055,0,0,0
25-11-2025,2,500,2250,0,3,98400,3568,3500,1,0,0,3300,111518,0,111518,0,0,0
26-11-2025,0,0,0,0,0,64700,3800,0,0,0,0,0,68500,0,68500,0,0,0
27-11-2025,19,7350,9550,6600,4,25300,13155,0,4,0,700,7100,69755,0,69755,0,0,0
28-11-2025,15,7000,7400,7100,0,14000,2400,0,1,0,0,3300,41200,0,41200,0,0,0
29-11-2025,25,9500,17000,19300,2,19500,17250,2500,3,0,900,9800,95750,0,95750,0,0,0
30-11-2025,3,1000,3500,3300,1,5000,5200,0,0,0,0,0,18000,0,18000,0,0,0
01-12-2025,32,10500,23373,34100,2,34000,5600,10000,1,0,400,0,117973,0,117973,0,0,0
02-12-2025,22,6500,29815,57900,2,33100,3005,0,0,0,0,0,130320,0,130320,0,0,0
03-12-2025,13,5000,10235,7100,1,98000,10720,3500,0,0,0,0,134555,0,134555,0,0,0
04-12-2025,12,5500,12650,9400,2,0,5400,0,3,0,200,6600,39750,0,39750,0,0,0
05-12-2025,22,9500,25630,10400,1,50000,3900,3500,0,0,0,0,102930,0,102930,0,0,0
06-12-2025,18,8000,14050,12100,1,44500,10680,0,5,0,0,21200,110530,0,110530,0,0,0
07-12-2025,2,1000,1000,0,1,11000,6200,0,0,0,0,0,19200,0,19200,0,0,0
08-12-2025,20,8350,22475,19200,1,6500,2300,2500,8,0,1700,7100,70125,0,70125,0,0,0
09-12-2025,12,4500,11300,33300,2,46100,4550,3800,0,0,0,0,103550,0,103550,0,0,0
10-12-2025,18,8000,8350,16900,2,30450,3250,2500,2,0,0,3800,73250,0,73250,0,0,0
11-12-2025,12,3500,9840,21200,0,3000,4240,2500,0,0,0,0,44280,0,44280,0,0,0
12-12-2025,16,6000,5000,10400,0,0,1160,0,0,0,0,0,22560,0,22560,0,0,0
13-12-2025,23,9350,13180,7800,1,16500,0,0,0,0,0,0,46830,0,46830,0,0,0
14-12-2025,3,1000,0,3300,2,15000,6450,0,0,0,0,0,25750,0,25750,0,0,0
15-12-2025,22,7850,13280,33900,1,10000,0,0,4,0,0,8600,73630,0,73630,0,0,0
16-12-2025,18,8000,23100,62200,4,13000,12850,0,2,0,700,3300,123150,0,123150,0,0,0
17-12-2025,16,6000,6950,33800,1,23800,14200,0,3,0,700,3800,89250,0,89250,0,0,0
18-12-2025,14,4500,0,0,1,39900,8650,3500,5,0,700,7600,64850,0,64850,0,0,0
19-12-2025,11,3500,5550,3800,2,33400,5000,0,1,0,0,3300,54550,0,54550,0,0,0
20-12-2025,2,500,5040,0,1,12500,1000,0,0,0,0,0,19040,0,19040,0,0,0
21-12-2025,10,3000,6850,11400,1,5500,2600,0,0,0,0,0,29350,0,29350,0,0,0
22-12-2025,22,8500,14200,25500,2,47650,6200,0,1,0,0,3300,105350,0,105350,0,0,0
23-12-2025,11,3500,3950,500,1,3000,5400,0,5,0,3000,9900,29250,0,29250,0,0,0
24-12-2025,13,5500,17230,3800,1,16500,7700,0,3,0,2400,3300,56430,0,56430,0,0,0
25-12-2025,11,4500,10700,10900,1,131500,0,0,2,0,700,3300,161600,0,161600,0,0,0
26-12-2025,13,4500,9740,3300,1,5000,1300,0,4,0,0,7600,31440,0,31440,0,0,0
27-12-2025,43,15000,29260,35300,1,0,2250,0,2,0,0,6600,88410,0,88410,0,0,0
28-12-2025,3,1500,2150,0,2,13000,1700,0,0,0,0,0,18350,0,18350,0,0,0
29-12-2025,25,9000,35200,25700,5,62040,8480,2500,6,0,1400,11400,155720,0,155720,0,0,0
30-12-2025,10,3500,3250,21700,1,74869,1500,0,2,0,0,7100,111919,0,111919,0,0,0
31-12-2025,17,6500,12270,0,2,28850,12900,4800,1,0,0,3800,69120,0,69120,0,0,0
01-01-2026,5,2000,5950,24800,0,61200,3500,13600,0,0,0,6300,117350,0,117350,0,0,0
02-01-2026,15,6350,14025,13100,1,71600,16350,0,8,0,800,7600,129825,0,129825,0,0,0
03-01-2026,22,8000,24750,35300,0,45200,1200,12800,3,0,0,8100,135350,0,135350,116175,0,116175
04-01-2026,0,0,0,0,0,27000,0,0,0,0,0,0,27000,0,27000,0,0,0
05-01-2026,14,8000,32600,10900,5,15500,2400,0,1,0,0,3300,72700,0,72700,0,0,0
06-01-2026,12,4500,11130,7500,0,4700,0,0,11,0,2250,18900,48980,0,48980,0,0,0
07-01-2026,12,3500,5200,36600,0,22000,1800,0,0,0,0,0,69100,0,69100,0,0,0
08-01-2026,11,5000,7500,11400,1,282800,0,0,2,0,0,12600,319300,0,319300,0,0,0
09-01-2026,9,4000,9850,10900,0,0,3600,0,1,0,0,0,28350,0,28350,0,0,0
10-01-2026,19,8000,10055,11600,1,10000,2100,0,3,0,0,48100,89855,0,89855,0,0,0
11-01-2026,6,3000,1550,0,1,5000,4750,0,0,0,0,0,14300,0,14300,0,0,0
12-01-2026,23,8500,26689,14200,2,26000,7950,0,7,0,900,18400,102639,0,102639,0,0,0
13-01-2026,19,8000,19200,11900,1,46100,6300,0,0,0,0,0,91500,0,91500,0,0,0
14-01-2026,20,8500,12340,36200,1,13400,3100,0,1,0,0,1000,74540,0,74540,0,0,0
15-01-2026,7,3500,10400,14900,2,3000,8400,0,2,0,700,3300,44200,0,44200,0,0,0
16-01-2026,5,1500,8500,7600,0,12800,6300,0,0,0,0,0,36700,0,36700,0,0,0
17-01-2026,25,10000,21990,10900,1,5000,2600,0,0,0,0,0,50490,0,50490,0,0,0
18-01-2026,2,500,2420,10000,0,-300,3100,0,1,0,0,4000,19720,0,19720,0,0,0
19-01-2026,24,10000,18150,5600,4,47750,2600,0,3,0,0,17300,101400,0,101400,0,0,0
20-01-2026,8,3500,7065,0,3,165307,0,0,2,0,0,24800,200672,0,200672,0,0,0
21-01-2026,19,8500,20980,20200,0,8000,1500,2600,3,0,0,7100,68880,0,68880,0,0,0
22-01-2026,16,6000,11300,19400,3,20000,8700,7500,0,0,0,0,72900,0,72900,0,0,0
23-01-2026,17,6500,18400,14200,1,15400,1100,0,2,0,0,3800,59400,0,59400,0,0,0
24-01-2026,17,6500,22435,12220,2,46100,5550,0,0,0,0,0,92805,0,92805,0,0,0
25-01-2026,17,500,0,100,0,0,2350,0,0,0,0,0,2950,0,2950,0,0,0
26-01-2026,24,10000,24622,26000,0,32400,6400,1000,1,0,0,3300,103722,0,103722,0,0,0
27-01-2026,13,5500,15350,10900,3,20800,400,0,5,0,0,19400,72350,0,72350,0,0,0
28-01-2026,20,8500,31792,34460,1,42500,9650,5200,1,0,0,3300,135402,0,135402,0,0,0
29-01-2026,24,9000,19435,10650,2,17500,2150,0,3,0,0,6600,65335,0,65335,0,0,0
30-01-2026,21,7500,18345,33500,3,16500,3800,2900,1,0,0,3300,85845,0,85845,0,0,0
31-01-2026,21,10200,20150,18200,0,14200,3400,15300,2,0,0,3800,85250,0,85250,0,0,0
01-02-2026,0,0,0,0,0,5000,0,0,0,0,0,0,5000,0,5000,0,0,0
02-02-2026,37,14500,17950,22700,1,8000,6250,0,0,0,0,0,69400,0,69400,0,0,0
03-02-2026,25,8500,11900,3800,1,45000,2250,0,1,0,0,3300,74750,0,74750,0,0,0
04-02-2026,17,7500,24950,28200,1,5000,2400,0,7,0,2325,17900,88275,0,88275,0,0,0
05-02-2026,26,11000,32292,47900,2,28800,700,2700,0,0,0,0,123392,0,123392,0,0,0
06-02-2026,22,9000,12295,16600,4,28100,9650,200,3,0,700,6600,83145,0,83145,0,0,0
07-02-2026,23,8000,12150,52600,0,93037,4100,0,7,0,0,27300,197187,0,197187,0,0,0
08-02-2026,3,500,0,3300,0,7000,6500,0,0,0,0,0,17300,0,17300,0,0,0
09-02-2026,31,14500,30290,56900,1,10000,1100,0,2,0,0,3800,116590,0,116590,0,0,0
10-02-2026,24,8000,18110,3300,2,16500,4050,5300,3,0,700,6600,62560,0,62560,0,0,0
11-02-2026,17,6500,14135,51900,2,0,1200,0,2,0,0,3800,77535,0,77535,0,0,0
12-02-2026,13,5500,12550,24950,2,152203,6350,200,3,0,700,9800,212253,0,212253,0,0,0
13-02-2026,21,10000,21275,7350,1,26900,5900,0,4,0,0,7600,79025,0,79025,0,0,0
14-02-2026,18,6500,9390,6600,2,97700,13100,1000,0,0,0,0,134290,0,134290,0,0,0
15-02-2026,3,1000,0,0,0,0,4650,0,0,0,0,0,5650,0,5650,0,0,0
16-02-2026,25,9000,26305,9400,1,69600,6600,3300,0,0,0,0,124205,0,124205,0,0,0
17-02-2026,18,7000,12550,15400,0,1500,1700,0,5,0,1750,13100,53000,0,53000,0,0,0
18-02-2026,20,6500,35270,21200,3,104599,7050,0,4,0,2500,11300,188419,0,188419,0,0,0
19-02-2026,21,7500,14250,7100,2,169268,3350,0,5,0,700,16100,218268,0,218268,0,0,0
20-02-2026,14,3000,12350,12700,1,50000,4200,0,4,0,4800,13600,100650,0,100650,0,0,0
21-02-2026,21,8000,16800,15200,2,29300,11400,0,2,0,0,3800,84500,0,84500,0,0,0
22-02-2026,0,0,0,0,0,0,3850,0,0,0,0,0,3850,0,3850,0,0,0
23-02-2026,34,12000,12510,25500,3,79400,12200,6000,3,0,0,13600,161210,0,161210,0,0,0
24-02-2026,30,10500,15590,21500,1,23700,3450,0,0,0,0,0,74740,0,74740,0,0,0
25-02-2026,12,3500,22875,44600,1,48000,9370,5000,3,0,200,20000,153545,0,153545,0,0,0
26-02-2026,13,5000,7300,7100,1,30000,1100,6000,3,0,0,8100,64600,0,64600,0,0,0
27-02-2026,20,8000,17315,44900,1,70964,2750,0,2,0,0,4800,148729,0,148729,0,0,0
28-02-2026,47,17800,7250,18100,2,80000,12160,1000,0,0,0,0,136310,0,136310,0,0,0
01-03-2026,0,0,0,0,0,0,6700,0,0,0,0,0,6700,0,6700,0,0,0
02-03-2026,23,6500,22650,8600,1,43500,6500,1000,7,0,900,13700,103350,0,103350,0,0,0
03-03-2026,21,9500,12470,3800,2,70000,5050,0,3,0,8000,11300,120120,0,120120,0,0,0
04-03-2026,25,9500,27135,17800,4,116000,2400,0,7,0,1100,7600,181535,0,181535,0,0,0
05-03-2026,16,7500,23200,8100,5,38600,14160,0,1,0,0,35000,126560,0,126560,0,0,0
06-03-2026,13,5000,11200,14200,0,39050,0,0,0,0,0,0,69450,0,69450,0,0,0
07-03-2026,19,7000,8350,16900,2,30800,12450,0,0,0,0,0,75500,0,75500,0,0,0
08-03-2026,0,0,0,0,0,10000,0,0,1,0,0,3300,13300,0,13300,0,0,0
09-03-2026,22,7500,14555,27400,1,15300,21850,4200,2,0,700,3300,94805,0,94805,0,0,0
10-03-2026,21,8000,17900,39700,1,35000,2800,0,5,0,700,8900,113000,0,113000,0,0,0
11-03-2026,7,3500,6300,0,1,27050,0,0,1,0,0,500,37350,0,37350,0,0,0
12-03-2026,26,10000,19350,47200,0,0,1700,0,8,0,7470,14900,100620,0,100620,0,0,0
13-03-2026,9,2500,400,0,0,251024,2000,0,1,0,0,3300,259224,0,259224,0,0,0
14-03-2026,27,10000,15960,32500,2,16800,0,0,3,0,700,3800,79760,0,79760,0,0,0
15-03-2026,1,500,0,3800,0,2400,1100,0,0,0,0,0,7800,0,7800,0,0,0
16-03-2026,18,7000,25950,35500,4,25000,2300,0,1,0,0,3300,99050,0,99050,0,0,0
17-03-2026,21,6500,3900,13600,2,5000,5200,0,1,0,0,3300,37500,0,37500,0,0,0
18-03-2026,13,5000,10700,3300,3,88100,15900,0,4,0,1400,6600,131000,0,131000,0,0,0
19-03-2026,6,2000,3420,3300,2,66100,50,0,1,0,0,2500,77370,0,77370,0,0,0
20-03-2026,11,4500,5480,3800,2,19000,10850,2500,2,0,0,4800,50930,0,50930,0,0,0
21-03-2026,10,3500,8250,4800,0,0,800,0,4,0,0,7100,24450,0,24450,0,0,0
22-03-2026,2,1000,0,0,1,46800,9900,0,0,0,0,0,57700,0,57700,0,0,0
23-03-2026,19,6500,6750,22100,1,18000,0,3300,2,0,0,3300,59950,0,59950,0,0,0
24-03-2026,15,5500,9700,29900,1,10000,0,0,2,0,700,3300,59100,0,59100,0,0,0
25-03-2026,19,7000,16930,18800,0,18000,2450,0,3,0,0,7100,70280,0,70280,0,0,0
26-03-2026,25,11500,14295,19400,0,6950,0,0,1,0,0,0,52145,0,52145,0,0,0
27-03-2026,0,0,0,0,0,25740,0,0,0,0,0,0,25740,0,25740,0,0,0
28-03-2026,40,17500,24590,105750,0,0,0,0,3,0,0,13600,161440,0,161440,0,0,0
29-03-2026,7,3500,4300,3300,1,5000,2500,0,0,0,0,0,18600,0,18600,0,0,0
30-03-2026,23,8000,17150,14900,2,40000,11000,0,5,0,700,9900,101650,0,101650,0,0,0
31-03-2026,16,5000,14000,6600,0,48091,0,0,5,0,2000,11900,87591,0,87591,0,0,0
01-04-2026,22,10000,22220,10100,2,24000,1600,0,0,0,0,0,67920,0,67920,0,0,0
02-04-2026,19,7000,15180,34700,1,50000,2850,0,7,0,4200,13100,127030,0,127030,0,0,0
03-04-2026,14,5001,5950,26700,0,17500,2400,3300,3,0,700,4800,66351,0,66351,0,0,0
04-04-2026,27,11000,15050,7600,0,0,0,0,1,0,0,3300,36950,0,36950,0,0,0
05-04-2026,7,3000,4700,3800,2,5000,3200,0,3,0,0,4800,24500,0,24500,0,0,0
06-04-2026,20,7000,20050,26800,2,10000,2550,0,1,0,0,6800,73200,0,73200,0,0,0
07-04-2026,17,5500,11550,17300,0,55000,4900,0,3,0,0,5300,99550,0,99550,0,0,0
08-04-2026,16,5500,8160,3800,0,0,1800,0,1,0,0,0,19260,0,19260,0,0,0
09-04-2026,28,12000,20220,54200,1,12800,1700,0,1,0,0,9800,110720,0,110720,0,0,0
10-04-2026,16,4000,5370,10100,2,48000,4050,0,0,0,0,0,71520,0,71520,0,0,0
11-04-2026,27,9000,27130,57100,2,20000,21700,3800,3,0,1400,3300,143430,0,143430,0,0,0
12-04-2026,1,500,2500,0,2,10690,19770,2500,0,0,0,0,35960,0,35960,0,0,0
13-04-2026,25,8500,22492,22000,1,17000,6750,0,5,0,700,7100,84542,0,84542,0,0,0
14-04-2026,20,7000,18440,15700,2,60500,6700,0,0,0,0,0,108340,0,108340,0,0,0
15-04-2026,15,5000,5750,0,1,50857,6550,0,1,0,0,10100,78257,0,78257,0,0,0
16-04-2026,30,12500,46650,14200,1,5000,2200,2500,2,0,0,6600,89650,0,89650,0,0,0
17-04-2026,20,7000,8600,500,0,36500,4800,14800,3,0,700,10800,83700,0,83700,0,0,0
18-04-2026,0,0,0,0,0,17000,0,0,2,0,700,3300,21000,0,21000,0,0,0
19-04-2026,0,0,0,0,1,10000,13350,0,0,0,0,0,23350,0,23350,0,0,0
20-04-2026,0,0,0,0,0,0,1300,0,0,0,0,0,1300,0,1300,0,0,0
21-04-2026,3,1000,3040,0,0,0,1100,0,0,0,0,0,5140,0,5140,0,0,0
22-04-2026,43,15500,36850,17700,3,20000,16100,0,10,0,2000,25200,133350,0,133350,0,0,0
23-04-2026,35,12500,27970,26700,1,2000,1500,0,0,0,0,0,70670,0,70670,0,0,0
24-04-2026,22,8000,15800,19700,1,23900,4800,0,0,0,0,0,72200,0,72200,0,0,0
25-04-2026,39,14000,17710,20000,0,82165,2000,0,5,0,700,16400,152975,0,152975,0,0,0
26-04-2026,6,2500,2250,3300,0,0,0,0,0,0,0,0,8050,0,8050,0,0,0
27-04-2026,27,10500,31870,13600,3,24000,2800,0,5,0,0,10900,93670,0,93670,0,0,0
28-04-2026,20,7000,23300,0,0,0,2400,0,0,0,0,0,32700,0,32700,0,0,0
29-04-2026,10,4500,8400,16600,0,12400,5300,0,11,0,5050,25400,77650,0,77650,0,0,0
30-04-2026,22,7500,13760,7100,3,36000,2600,0,3,0,0,9900,76860,0,76860,0,0,0
01-05-2026,18,8500,26730,26800,0,0,0,0,0,0,0,0,62030,0,62030,0,0,0
02-05-2026,23,9000,19090,3300,2,10000,5900,9100,2,0,700,3300,60390,0,60390,0,0,0
03-05-2026,4,1000,0,0,2,15050,5950,0,1,0,0,3300,25300,0,25300,0,0,0
04-05-2026,28,10500,10520,20000,2,35000,6970,3300,2,0,0,6600,92890,0,92890,0,0,0
05-05-2026,15,3500,6000,15100,2,36600,13250,-6600,1,0,0,3300,71150,0,71150,0,0,0
06-05-2026,13,5000,16950,0,1,8700,6900,0,3,0,0,7100,44650,0,44650,0,0,0
07-05-2026,25,8500,19150,17200,2,30000,3860,0,2,0,0,6600,85310,0,85310,0,0,0
08-05-2026,17,7000,9740,18700,1,12000,0,0,0,0,0,0,47440,0,47440,0,0,0
09-05-2026,30,8000,11450,6100,1,30000,6900,0,4,0,0,19700,82150,0,82150,0,0,0
10-05-2026,8,4000,7950,11400,1,25000,4700,0,0,0,0,0,53050,0,53050,0,0,0
11-05-2026,29,10500,21280,10400,1,18000,9650,0,6,0,3100,7600,80530,0,80530,0,0,0
12-05-2026,18,6000,9550,21040,1,28200,1800,9800,2,0,200,3300,79890,0,79890,0,0,0
13-05-2026,20,5500,14150,13700,1,35000,7420,0,4,0,700,9900,86370,0,86370,0,0,0
14-05-2026,27,9000,14090,26200,0,10000,2000,0,0,0,0,0,61290,0,61290,0,0,0
15-05-2026,20,5500,13855,31200,2,5000,8200,2500,7,0,0,30900,97155,0,97155,0,0,0
16-05-2026,27,7500,16125,15900,0,23000,0,0,7,0,0,15900,78425,0,78425,0,0,0
17-05-2026,4,2000,1500,0,0,0,0,0,0,0,0,0,3500,0,3500,0,0,0
18-05-2026,29,13000,21300,27300,3,57800,3300,0,9,0,0,8300,131000,0,131000,0,0,0
19-05-2026,20,6000,21615,15300,0,25000,6750,38000,0,0,0,0,112665,0,112665,0,0,0
20-05-2026,18,6500,14050,50900,1,112100,30750,9300,5,0,0,16400,240000,0,240000,0,0,0
21-05-2026,19,6000,11150,39000,2,45000,250,0,6,0,2900,13600,117900,0,117900,0,0,0
22-05-2026,12,4000,9950,3800,1,26500,7050,0,3,0,1450,3800,56550,0,56550,0,0,0
23-05-2026,23,7500,15620,4300,1,49000,12880,0,7,2000,1400,20200,112900,0,112900,0,0,0
24-05-2026,7,2500,9950,0,1,26000,4300,0,1,0,1700,0,44450,0,44450,0,0,0
25-05-2026,25,8000,25950,14600,2,39400,3100,5800,2,0,0,6600,103450,0,103450,0,0,0
26-05-2026,15,4500,8150,11400,2,97000,6000,0,3,0,700,13600,141350,0,141350,0,0,0
27-05-2026,23,7000,19800,26300,1,20000,8850,0,5,0,0,14200,96150,0,96150,0,0,0
28-05-2026,23,8500,32930,24800,2,10000,7700,2500,2,0,700,3300,90430,0,90430,0,0,0
29-05-2026,18,6500,17525,35500,2,239220,11860,0,2,0,0,3800,314405,0,314405,46016,0,46016
30-05-2026,40,13500,18040,6600,3,28850,8450,3800,4,0,700,13600,93540,0,93540,0,0,0
31-05-2026,5,2000,4550,0,2,11000,5300,0,2,0,0,2800,25650,0,25650,0,0,0
01-06-2026,32,11000,21120,6300,3,88626,16500,0,2,0,0,3800,147346,0,147346,0,0,0
02-06-2026,17,5000,12615,3300,1,50000,17500,0,2,0,0,3800,92215,0,92215,0,0,0
03-06-2026,25,7500,10350,14900,2,132578,16820,5000,3,0,0,3300,190448,0,190448,0,0,0
04-06-2026,25,9500,38400,32600,0,1500,1300,3300,0,0,0,0,86600,0,86600,0,0,0
05-06-2026,33,8000,18245,25500,2,43000,8300,0,3,0,700,4800,108545,0,108545,0,0,0
06-06-2026,31,10000,22080,17200,1,40000,7340,0,3,0,1240,0,97860,0,97860,0,0,0
07-06-2026,0,0,0,0,1,5000,7000,0,0,0,0,0,12000,0,12000,0,0,0
08-06-2026,23,7000,18980,6800,4,58000,5720,13100,3,0,700,4800,115100,0,115100,0,0,0
09-06-2026,27,8000,18070,7100,0,0,7700,500,1,0,0,0,41370,0,41370,0,0,0
10-06-2026,21,6500,20215,10600,2,20000,25600,5000,8,0,2000,23600,113515,0,113515,0,0,0
11-06-2026,25,7500,36875,40400,2,90600,14300,0,0,0,0,0,189675,0,189675,0,0,0
12-06-2026,30,9000,19050,3800,1,5000,4300,0,2,0,0,3300,44450,0,44450,0,0,0
13-06-2026,24,8000,14100,26000,1,5600,10700,0,3,0,0,7100,71500,0,71500,0,0,0
14-06-2026,5,2000,0,0,1,38750,4600,0,0,0,0,0,45350,0,45350,0,0,0
15-06-2026,34,9000,32570,49100,2,18250,23050,16300,1,0,0,3300,151570,0,151570,0,0,0
16-06-2026,28,9000,25980,34300,1,43850,7900,0,3,0,700,6100,127830,0,127830,0,0,0
17-06-2026,21,5000,10300,0,1,8800,6000,0,4,0,200,3800,34100,0,34100,0,0,0
18-06-2026,11,3500,4910,12600,1,79800,4370,0,1,0,2850,0,108030,0,108030,0,0,0
19-06-2026,22,9000,13360,14700,0,55000,4000,0,0,0,0,0,96060,0,96060,0,0,0
20-06-2026,32,8000,31870,13700,2,5000,9450,0,1,0,0,3300,71320,0,71320,131826,0,131826
21-06-2026,1,500,0,0,1,5000,8250,0,1,0,0,40000,53750,0,53750,0,0,0
22-06-2026,29,10000,27190,38700,1,5000,11800,0,8,0,700,19700,113090,0,113090,0,0,0
23-06-2026,29,8000,24820,38300,1,50000,7200,0,1,0,0,3300,131620,0,131620,0,0,0
24-06-2026,16,6000,9230,7100,1,5000,4310,0,1,0,0,3300,34940,0,34940,0,0,0
25-06-2026,28,9000,20300,30600,1,46200,6260,0,7,0,0,16900,129260,0,129260,75562,0,75562
26-06-2026,39,14000,22680,41200,3,0,900,0,2,0,0,3000,81780,0,81780,0,0,0
27-06-2026,37,9000,13350,17600,2,78000,4700,0,4,0,2600,7100,132350,0,132350,0,0,0
28-06-2026,7,1500,1550,0,1,-5000,10160,0,0,0,0,0,8210,0,8210,0,0,0
29-06-2026,27,7500,25150,8900,2,129431,6350,0,2,0,0,3800,181131,0,181131,0,0,0
30-06-2026,17,6000,19200,24000,1,10000,-8800,2500,2,0,0,3300,56200,0,56200,0,0,0
01-07-2026,21,8500,15830,38500,1,80407,7050,0,0,0,0,0,150287,0,150287,306787,0,306787
02-07-2026,18,6000,7700,3300,1,80000,6400,0,1,0,0,10000,113400,0,113400,0,0,0
03-07-2026,18,6500,17600,7600,2,5000,8350,0,3,0,1700,3300,50050,0,50050,0,0,0
04-07-2026,31,9500,23970,32400,1,70000,16050,1000,1,0,0,3300,156220,0,156220,0,0,0
05-07-2026,1,500,0,0,0,20000,9810,0,0,0,0,0,30310,0,30310,0,0,0
06-07-2026,33,12000,22630,48100,2,85900,15770,0,0,0,0,0,184400,0,184400,0,0,0
07-07-2026,29,8500,37965,34600,5,33000,22420,2500,5,0,0,13200,152185,0,152185,0,0,0
08-07-2026,27,9500,12640,20000,2,22000,19250,3000,5,0,1470,6600,94460,0,94460,0,0,0
09-07-2026,27,9000,37605,16900,3,159346,11900,0,6,0,700,11700,247151,0,247151,79388,0,79388
10-07-2026,25,9000,20600,21200,0,32500,4350,2500,2,0,1100,3300,94550,0,94550,0,0,0
11-07-2026,44,16000,54580,47200,3,265250,16800,0,5,0,4700,6600,411130,0,411130,0,0,0
12-07-2026,0,0,0,0,3,25000,8950,2500,0,0,0,0,36450,0,36450,0,0,0
13-07-2026,43,14500,40272,43900,3,140000,22370,2500,6,0,700,21100,285342,0,285342,0,0,0
14-07-2026,27,10000,19410,11400,3,116400,19710,1000,10,0,2700,23700,204320,0,204320,0,0,0
15-07-2026,12,5000,6500,6600,0,25200,6300,0,2,0,700,3300,53600,0,53600,0,0,0
16-07-2026,28,8500,31070,18200,2,132922,13350,0,7,0,6700,13600,224342,0,224342,0,0,0
17-07-2026,29,9000,31250,20000,0,88000,5800,0,1,0,0,7500,161550,0,161550,0,0,0
18-07-2026,26,8000,22030,28500,1,0,2600,0,4,0,0,10600,71730,0,71730,0,0,0
19-07-2026,1,500,0,0,0,0,0,0,0,0,0,0,500,0,500,0,0,0
20-07-2026,46,12000,61745,33800,2,28000,10600,0,3,0,0,7300,153445,0,153445,0,0,0
21-07-2026,31,12000,42100,49600,3,38100,5650,0,2,0,0,3800,151250,0,151250,0,0,0
22-07-2026,29,9500,18700,27000,0,37700,8300,0,6,0,3000,7100,111300,0,111300,0,0,0
23-07-2026,23,10500,38340,32800,3,96527,14200,3300,2,0,700,3300,199667,0,199667,0,0,0
24-07-2026,34,12500,37255,28100,1,52000,2970,0,2,0,0,5600,138425,0,138425,0,0,0
25-07-2026,67,19000,37800,24500,2,277586,2600,0,3,0,0,10100,371586,0,371586,0,0,0
26-07-2026,2,1500,0,0,3,19750,8900,0,0,0,0,0,30150,0,30150,0,0,0
27-07-2026,41,13500,34230,12400,1,25800,15600,2500,4,0,0,14800,118830,0,118830,0,0,0
28-07-2026,31,9500,26840,12700,1,125000,5200,0,0,0,0,0,179240,0,179240,0,0,0
29-07-2026,23,8000,18770,22500,1,10000,17160,2500,3,0,0,5000,83930,0,83930,0,0,0
30-07-2026,27,7000,24100,29600,2,30000,7000,0,5,0,0,10400,108100,0,108100,0,0,0
31-07-2026,26,8500,17160,15200,2,58026,6550,0,2,0,1300,3300,110036,0,110036,0,0,0
01-08-2026,38,13000,31420,3800,1,46350,12910,0,2,0,0,6600,114080,0,114080,0,0,0
02-08-2026,3,1000,5200,3800,1,3700,11050,0,1,0,0,9800,34550,0,34550,0,0,0
03-08-2026,37,15000,25890,28800,1,81100,20250,0,0,0,0,0,171040,0,171040,0,0,0
04-08-2026,24,6500,15550,3800,1,25000,10900,0,6,0,0,22500,84250,0,84250,0,0,0
05-08-2026,28,10500,30450,15800,1,45000,18850,0,0,0,0,0,120600,0,120600,0,0,0
06-08-2026,29,10000,38960,13600,0,39000,3550,0,3,0,0,9100,114210,0,114210,0,0,0
07-08-2026,21,7000,11650,10900,1,29700,9810,0,3,0,0,3300,72360,0,72360,0,0,0
08-08-2026,34,10500,30900,51700,0,0,3500,0,3,0,0,7100,103700,0,103700,0,0,0
09-08-2026,0,0,0,0,1,116150,3950,0,0,0,0,0,120100,0,120100,0,0,0
10-08-2026,41,12500,44080,20700,4,60800,25250,0,4,0,0,3800,167130,0,167130,2600,0,0
11-08-2026,32,10500,29615,2800,1,30000,19550,0,0,0,0,0,92465,0,92465,0,0,0
12-08-2026,24,6500,26810,19700,3,18500,7150,0,5,0,700,3800,83160,0,83160,0,0,0
13-08-2026,35,12000,18570,15500,5,81700,17210,2500,7,0,0,26400,173880,0,173880,0,0,0
14-08-2026,27,7500,22937,20300,5,161758,23900,8800,1,0,400,0,245595,0,245595,0,0,0
15-08-2026,30,10000,22300,11100,1,133511,16900,0,2,0,0,8000,201811,0,201811,0,0,0
16-08-2026,4,1000,4000,3800,0,45100,7800,0,0,0,0,0,61700,0,61700,0,0,0
17-08-2026,31,11000,30080,27500,2,76000,16450,3300,4,0,1000,12600,177930,0,177930,199106,0,199106
18-08-2026,39,12000,42065,18900,2,15000,9700,0,4,0,0,6600,104265,0,104265,0,0,0
19-08-2026,27,9000,23100,10400,0,41550,10600,0,6,0,0,17500,112150,0,112150,0,0,0
20-08-2026,27,7000,54365,26000,0,42000,7900,0,2,0,0,4000,141265,0,141265,0,0,0
21-08-2026,11,2500,16465,-466785,0,29500,2500,6800,0,0,0,-134100,-543120,0,-543120,0,0,0
22-08-2026,59,20000,49639,13600,1,29000,0,0,2,0,700,3300,116239,0,116239,0,0,0
23-08-2026,7,2500,5000,0,2,34000,12460,0,1,0,0,0,53960,0,53960,9800,0,0
24-08-2026,29,9500,35260,17400,1,27250,5000,0,5,0,1400,17300,113110,0,113110,0,0,0
25-08-2026,31,11000,32565,25000,1,18500,10000,0,3,0,700,6600,104365,0,104365,0,0,0
26-08-2026,27,9000,4300,0,4,28000,7860,0,4,0,0,17200,66360,0,66360,0,0,0
27-08-2026,27,6000,21330,26400,2,34100,7900,0,0,0,0,0,95730,0,95730,2670,0,0
28-08-2026,20,5000,13550,17200,3,42000,20800,5000,1,0,700,0,104250,0,104250,450,0,0
29-08-2026,16,7000,16700,0,0,100950,9550,0,1,0,0,4000,138200,0,138200,0,0,0
30-08-2026,0,0,0,0,0,45000,5050,0,0,0,0,0,50050,0,50050,104750,0,104750
31-08-2026,37,11000,35370,12400,0,37000,10100,1000,5,0,700,21000,128570,0,128570,4180,0,0
01-09-2026,20,7000,20850,3800,3,45000,8350,9800,6,0,700,13700,109200,0,109200,1000,0,0
02-09-2026,11,5000,6000,6600,1,10000,9150,0,1,0,0,5800,42550,0,42550,1600,0,0
