StartDate,2025-04-01 ,,,EndDate,2025-04-30 23:59:59
RegNo,Name,Phone,Cash,Card,UPI,Bank,Total
OP10210004067,Mr. M PRADEEP REDDY  ,7799224009,1460,0,0,0,1460
OP10210004063,Mr. B BALENDRA SHARMA  ,8973662669,0,0,928,0,928
OP10210004075,Mrs. JEVANA SUDHAARCHANA J,8096292600,2235,0,0,0,2235
OP10210004087,Mr. K RAMA DURGA VENKATA SAI  ,7989612268,0,0,1150,0,1150
OP10210004090,Ms. B TAPASVINIVAS  ,9494678457,2685,0,0,0,2685
OP10210004092,Mrs. P KAMESWARI  ,9703525510,4605,0,0,0,4605
OP10210004091,Mrs. SK SHAHIDA BEE  ,9704855027,0,0,5280,0,5280
OP10210004095,Mr. V KOTESWARA RAO  ,9182089958,0,0,700,0,700
OP10210004111,Mrs. D MARTHAMMA  ,8185820520,2670,0,0,0,2670
OP10210004112,Mr. P RAVI KUMAR  ,8499911117,700,0,0,0,700
OP10210004116,Mr. B SAI RAJASEKHAR REDDY,7729010578,2775,0,0,0,2775
OP10210004118,Mr. A CHINNA SESHAIAH  ,9985641208,0,0,1270,0,1270
OP10210004125,Mrs. AKKAMMA K,8333807279,170,0,0,0,170
OP10210004124,Mrs. P ALISU  ,9505639623,400,0,0,0,400
OP10210004128,Ms. VENKATA RATHNAM A,9110354142,400,0,0,0,400
OP10210004126,Mr. CHINNAPA REDDY Y,9948621203,3270,0,0,0,3270
OP10210004131,Mrs. C NIRMALA  ,9080278739,0,0,1416,0,1416
OP10210004133,Mrs. A GANGA BHAVANI  ,9440907643,250,0,0,0,250
OP10210004134,Mrs. CH N M KANAKA LAKSHMI  ,7702453717,5095,0,0,0,5095
OP10210004147,Mrs. K RAMA DEVI  ,9398486115,1748,0,0,0,1748
OP10210004149,Mrs. G N PRANATHI  ,9963841374,0,0,1748,0,1748
OP10210004151,Mr. KRISHNA RAo CH,9182220585,2220,0,0,0,2220
OP10210004153,Mr. B BALA MURALI KRISHNA  ,7673917318,700,0,1845,0,2545
OP10210004158,Mrs. CH ANITHA RANI  ,9490861216,400,0,0,0,400
OP10210004164,Mrs. B SIVA PRIYA  ,8688722128,3585,0,0,0,3585
OP10210004166,Mr. L PRABHAKAR RAO  ,9701772668,2955,0,0,0,2955
OP10210004167,Mr. M SUKUNDHAR RAO  ,9949121967,2295,0,0,0,2295
OP10210004168,Mrs. S LAKSMI DEVAMMA  ,9949676949,1655,0,0,0,1655
OP10210004165,Mr. G NAGI  REDDY  ,9848305454,0,0,2880,0,2880
OP10210004181,Mr. ch NARASIMHA MURTHY,9963824427,0,0,1485,0,1485
OP10210004185,Mr. G CHINNA PAPARAO  ,9676638359,2435,0,0,0,2435
OP10210004188,Mr. K PANAIAH  ,9618484322,1100,0,0,0,1100
OP10210004189,Mr. P SRINIVASULU  ,8328179765,0,0,2185,0,2185
OP10210004194,Mr. KALIDASU V,9100314340,700,0,0,0,700
OP10210004195,Mr. A PAMULA REDDY  ,8500717856,1685,0,0,0,1685
OP10210004200,Mrs. N NIHARIKA,9494858824,0,0,2110,0,2110
OP10210004202,Mr. GURU PRASAD I,9177056462,2295,0,0,0,2295
OP10210004209,Mr. GJAYARAJU  ,7095074344,2555,0,0,0,2555
OP10210004210,Mrs. T SAMRAJYAM,9912842858,2575,0,0,0,2575
OP10210004214,Mrs. SK MAHIMUN,9059893444,0,0,2355,0,2355
OP10210004222,Mrs. M SIRISHA  ,9177722737,2500,0,0,0,2500
OP10210004224,Mr. T GANGADHAR,9347133612,2045,0,0,0,2045
OP10210004225,Mr. ch JEEVAN MAHESH REDDY,9581817999,0,0,1905,0,1905
OP10210004226,Mrs. P ALICEE  ,9505639623,1270,0,0,0,1270
OP10210004236,Mrs. K RATNA KUMARI  ,9441489993,700,0,0,0,700
OP10210004237,Mr. kumar babu p,9642500976,0,0,1100,0,1100
OP10210004239,Mr. M SARATH KUMAR  ,9121490493,1800,0,0,0,1800
OP10210004240,Mr. G VENKATA REDDY  ,9963220173,700,0,0,0,700
OP10210004241,Mr. B ARUN KUMAR  ,9949978784,2940,0,550,0,3490
OP10210004243,Mrs. K Lakshmi  ,7799100767,2885,0,0,0,2885
OP10210004244,Mr. RANGANAYAKULU P,7702735763,3845,0,0,0,3845
OP10210004246,Mr. SK SIRAJ  ,6303945992,2045,0,0,0,2045
OP10210004247,Mrs. Y POOJA  ,9848966847,1085,0,0,0,1085
OP10210004250,Mrs. M SRAVANI  ,8008689590,2855,0,0,0,2855
OP10210004255,Mrs. NAGA JYOTHI MUNNANGI,8309869039,800,0,0,0,800
OP10210004256,Mrs. L DURGA BHAVANI  ,8143255128,1295,0,0,0,1295
OP10210004257,Mr. G RAVI PRAKASH  ,7702793851,0,0,2185,0,2185
OP10210004259,Mr. V SURESH   ,8519947429,700,0,0,0,700
OP10210004261,Mr. P MOHAN SANKAR  ,8688638349,2185,0,0,0,2185
OP10210004262,Mr. G PARISUDHA KUMAR  ,9492887062,2185,0,0,0,2185
OP10210004266,Mrs. A SIVA NAGESWARAMMA  ,9885091905,3755,0,0,0,3755
OP10210004267,Mr. CH TEJA BABU  ,9000171040,0,0,1970,0,1970
OP10210004275,Mrs. Y SEETHA RAMULU  ,9502981438,0,0,2355,0,2355
OP10210004276,Mr. M SRINIVAS  ,9441068989,0,0,4020,0,4020
OP10210004274,Mr. K SRINIVASA MURTHY,9959796175,0,0,700,0,700
OP10210004277,Ms. A HARSHINI  ,8497980715,0,0,700,0,700
OP10210004279,Mr. G GANGAIAH  ,9502351966,300,0,0,0,300
OP10210004278,Mrs. N LAKSHMI NARASAMMA  ,9381639931,7970,0,0,0,7970
OP10210004281,Mr. CHINNAPA REDDY Y,9948621203,1000,0,0,0,1000
OP10210004295,Mr. K MANOHAR  ,9912097601,2545,0,0,0,2545
OP10210004298,Mrs. G RAJINI  ,9110791196,0,0,3745,0,3745
OP10210004300,Mr. SRIDHAR BABU V,9603572730,2220,0,0,0,2220
OP10210004301,Mrs. P K SANDHYA  ,9441331494,1485,0,0,0,1485
OP10210004305,Mr. B H DINESH REDDY  ,8309301887,700,0,0,0,700
OP10210004307,Mr. T RICHAD PREETHAM  ,7798465274,1485,0,0,0,1485
OP10210004308,Mr. P SRINIVASA REDDY  ,9397602024,2850,0,0,0,2850
OP10210004310,Mr. G SIVA PRASAD  ,8074407026,0,0,2545,0,2545
OP10210004315,Mrs. T TIRUPATHMMA  ,9989870070,2495,0,0,0,2495
OP10210004325,Mr. M SIVA SUNIL  ,9739708218,0,0,4155,0,4155
OP10210004329,Mr. M SURENDRA   ,9848859158,0,0,2385,0,2385
OP10210004332,Mr. SK KASIM SAHEB  ,9866709419,2885,0,0,0,2885
OP10210004333,Mrs. G LAKSHMI PAVANI  ,7013386614,0,0,3630,0,3630
OP10210004335,Mr. D RAJESH REDDY  ,9620993311,0,0,2185,0,2185
OP10210004338,Mr. CH KOTAIAH  ,7995767740,1100,0,0,0,1100
OP10210004339,Mr. GURU PRASAD I,9177056462,0,0,1770,0,1770
OP10210004341,Mr. K RAMA DURGA VENKATA SAI  ,7989612268,0,0,700,0,700
OP10210004344,Mr. V VENKATESWARULU  ,8340037893,0,0,1100,0,1100
OP10210004345,Mrs. G SUBHASHINI,9963834026,1260,0,0,0,1260
OP10210004347,Mrs. K PAMULAMMA,9992823456,700,0,2180,0,2880
OP10210004350,Mrs. M DHANALAKSHMI  ,9398062878,700,0,0,0,700
OP10210004351,Mr. S RAJ GOPAL RAO,9490114311,3434,0,0,0,3434
OP10210004353,Mrs. V SIVAMMA  ,8331957835,2024,0,0,0,2024
OP10210004354,Mr. P SRINIVASA RAO  ,9908238079,700,0,0,0,700
OP10210004356,Mr. D CHALAPATHI RAO  ,9391362125,0,0,2185,0,2185
OP10210004357,Mr. N VENKATESWARLU  ,9704309954,13095,0,0,0,13095
OP10210004359,Mrs. SK SHABANA  ,9703454866,1970,0,0,0,1970
OP10210004360,Mr. SUMANTH G,9398465277,0,0,2270,0,2270
OP10210004358,Mr. V SRIKANTH  ,9177792478,0,0,9036,0,9036
OP10210004363,Mr. CH PRAVEEN KUMAR  ,9618106728,0,0,2400,0,2400
OP10210004367,Mr. A SIVA RAMA KRISHNA  ,9705223845,2185,0,0,0,2185
OP10210004368,Mr. U MOHAN RAO  ,9440942463,2220,0,0,0,2220
OP10210004370,Mr. G JOSEPH  ,9908727424,1300,0,0,0,1300
OP10210004377,Mr. S KONDALU,6302414678,0,0,3300,0,3300
OP10210004382,Mrs. SK GOUSIYA  ,9989387057,2875,0,0,0,2875
OP10210004383,Mr. S KONDALU,6302414678,0,0,700,0,700
OP10210004384,Mr. M V SRINIVASULA REDDY  ,8978026477,1884,0,0,0,1884
OP10210004385,Mrs. K PAMULAMMA,9992823456,0,0,700,0,700
OP10210004397,Mr. V NAGIREDDY,9966011332,2355,0,0,0,2355
OP10210004395,Mr. SK DASTA GIRI  ,9848238848,1610,0,0,0,1610
OP10210004398,Mr. SK ALI  ,9705220006,0,0,2295,0,2295
OP10210004402,Mr. P PAVAN KUMAR  ,9550213625,2605,0,0,0,2605
OP10210004406,Ms. SK RESHMA  ,9177066418,2745,0,0,0,2745
OP10210004410,Mr. PREMNADH S,9492169087,0,0,2295,0,2295
OP10210004413,Mr. v pardha saradhi  ,8179309963,1870,0,0,0,1870
OP10210004415,Mrs. P PAVANI  ,9381304848,2400,0,0,0,2400
OP10210004417,Mrs. K SABRAJYAM  ,9701175517,2295,0,0,0,2295
OP10210004422,Mr. K HARI HARA PRASADA RAO  ,9441503286,2220,0,0,0,2220
OP10210004429,Mr. S RAJ GOPAL RAO,9490114311,700,0,0,0,700
OP10210004432,Mr. M SARATH KUMAR  ,9121490493,0,0,700,0,700
OP10210004436,Mr. P SOHEL BASHA  ,7075003510,1100,0,0,0,1100
OP10210004440,Mr. SD MUNWR  ,9966765344,0,0,2895,0,2895
OP10210004441,Mr. SK NAGOOL MEERA  ,9848305441,2145,0,0,0,2145
OP10210004449,Mr. LAKSHMI NARAYANA V,9440849277,0,0,1155,0,1155
OP10210004459,Ms. M DHANA LAKSHMI  ,9642242749,1100,0,0,0,1100
OP10210004467,Mrs. E RATHNA KUMARI  ,8688463458,2185,0,0,0,2185
OP10210004473,Mr. K SRINIVASA REDDY  ,9000066658,700,0,0,0,700
OP10210004471,Mr. SD MUNWR  ,9966765344,0,0,700,0,700
OP10210004478,Ms. M RAMANA KUMARI   ,7799955144,0,0,1400,0,1400
OP10210004479,Mr. SRIDHAR BABU V,9603572730,0,0,2220,0,2220
OP10210004469,Mr. M ANANTHESWARA RAO  ,9700300112,0,0,1650,0,1650
OP10210004494,Mr. K SUBBA RAO  ,9440002362,0,0,700,0,700
OP10210004495,Mr. R RAMA KRISHNA   ,9963403502,0,0,1485,0,1485
OP10210004497,Mr. V KOTESWARA RAO  ,9182089958,1770,0,0,0,1770
OP10210004498,Mr. CHINNAPA REDDY Y,9948621203,1000,0,3220,0,4220
OP10210004499,Ms. SK AYASH   ,7036100696,1800,0,0,0,1800
OP10210004501,Mr. M SRINIVASA REDDY  ,9154050186,0,0,1845,0,1845
OP10210004503,Ms. NAGAMMA  K,9949066598,5105,0,0,0,5105
OP10210004511,Mr. SAMBA SIVA RAO K,9966886805,0,0,2295,0,2295
OP10210004514,Mr. RAMA KRISHNA SAI A,9949415597,0,0,2185,0,2185
OP10210004524,Mr. SHAIK JANI BASHA  ,8465945684,4425,0,0,0,4425